﻿<parameters>
  <parameter name="IIS Web Application Name" defaultValue="Default Web Site/HF_SMS_APP_deploy" tags="IisApp">
    <parameterEntry kind="ProviderPath" scope="IisApp" match="^C:\\Users\\C\#\\Documents\\Visual\ Studio\ 2013\\Projects\\HF_SMS_APP\\HF_SMS_APP\\obj\\Debug\\Package\\PackageTmp$" />
    <parameterEntry kind="ProviderPath" scope="setAcl" match="^C:\\Users\\C\#\\Documents\\Visual\ Studio\ 2013\\Projects\\HF_SMS_APP\\HF_SMS_APP\\obj\\Debug\\Package\\PackageTmp$" />
  </parameter>
  <parameter name="Add write permission to App_Data Folder" description="Add write permission to App_Data folder" defaultValue="{IIS Web Application Name}/App_Data" tags="Hidden">
    <parameterEntry kind="ProviderPath" scope="setAcl" match="^C:\\Users\\C\#\\Documents\\Visual\ Studio\ 2013\\Projects\\HF_SMS_APP\\HF_SMS_APP\\obj\\Debug\\Package\\PackageTmp\\App_Data$" />
  </parameter>
  <parameter name="DATASConnectionString-Web.config Connection String" description="DATASConnectionString Connection String used in web.config by the application to access the database." defaultValue="Data Source=(LocalDB)\v11.0;AttachDbFilename=&quot;C:\Users\C#\Documents\Visual Studio 2013\Projects\HF_SMS_APP\HF_SMS_APP\App_Data\SMSProjectDB.mdf&quot;;Integrated Security=True" tags="SqlConnectionString">
    <parameterEntry kind="XmlFile" scope="C:\\Users\\C\#\\Documents\\Visual\ Studio\ 2013\\Projects\\HF_SMS_APP\\HF_SMS_APP\\obj\\Debug\\Package\\PackageTmp\\Web\.config$" match="/configuration/connectionStrings/add[@name='DATASConnectionString']/@connectionString" />
  </parameter>
</parameters>